observation_date,T10Y2Y,SP500
2013-06-03,1.83,1640.42
2013-06-04,1.82,1631.38
2013-06-05,1.80,1608.90
2013-06-06,1.78,1622.56
2013-06-07,1.85,1643.38
2013-06-10,1.90,1642.81
2013-06-11,1.86,1626.13
2013-06-12,1.91,1612.52
2013-06-13,1.87,1636.36
2013-06-14,1.85,1626.73
2013-06-17,1.92,1639.04
2013-06-18,1.93,1651.81
2013-06-19,2.02,1628.93
2013-06-20,2.08,1588.19
2013-06-21,2.14,1592.43
2013-06-24,2.15,1573.09
2013-06-25,2.17,1588.03
2013-06-26,2.16,1603.26
2013-06-27,2.13,1613.20
2013-06-28,2.16,1606.28
2013-07-01,2.16,1614.96
2013-07-02,2.14,1614.08
2013-07-03,2.16,1615.41
2013-07-05,2.33,1631.89
2013-07-08,2.28,1640.46
2013-07-09,2.28,1652.32
2013-07-10,2.32,1652.62
2013-07-11,2.26,1675.02
2013-07-12,2.24,1680.19
2013-07-15,2.23,1682.50
2013-07-16,2.21,1676.26
2013-07-17,2.20,1680.91
2013-07-18,2.24,1689.37
2013-07-19,2.18,1692.09
2013-07-22,2.18,1695.53
2013-07-23,2.20,1692.39
2013-07-24,2.27,1685.94
2013-07-25,2.29,1690.25
2013-07-26,2.27,1691.65
2013-07-29,2.28,1685.33
2013-07-30,2.30,1685.96
2013-07-31,2.29,1685.73
2013-08-01,2.39,1706.87
2013-08-02,2.33,1709.67
2013-08-05,2.35,1707.14
2013-08-06,2.35,1697.37
2013-08-07,2.29,1690.91
2013-08-08,2.28,1697.48
2013-08-09,2.25,1691.42
2013-08-12,2.29,1689.47
2013-08-13,2.37,1694.16
2013-08-14,2.37,1685.39
2013-08-15,2.41,1661.32
2013-08-16,2.48,1655.83
2013-08-19,2.52,1646.06
2013-08-20,2.46,1652.35
2013-08-21,2.49,1642.80
2013-08-22,2.48,1656.96
2013-08-23,2.42,1663.50
2013-08-26,2.38,1656.78
2013-08-27,2.34,1630.48
2013-08-28,2.38,1634.96
2013-08-29,2.36,1638.17
2013-08-30,2.39,1632.97
2013-09-03,2.43,1639.77
2013-09-04,2.44,1653.08
2013-09-05,2.46,1655.08
2013-09-06,2.48,1655.17
2013-09-09,2.45,1671.71
2013-09-10,2.46,1683.99
2013-09-11,2.46,1689.13
2013-09-12,2.47,1683.42
2013-09-13,2.45,1687.99
2013-09-16,2.47,1697.60
2013-09-17,2.47,1704.76
2013-09-18,2.35,1725.52
2013-09-19,2.42,1722.34
2013-09-20,2.41,1709.91
2013-09-23,2.37,1701.84
2013-09-24,2.32,1697.42
2013-09-25,2.27,1692.77
2013-09-26,2.32,1698.67
2013-09-27,2.30,1691.75
2013-09-30,2.31,1681.55
2013-10-01,2.33,1695.00
2013-10-02,2.32,1693.87
2013-10-03,2.29,1678.66
2013-10-04,2.33,1690.50
2013-10-07,2.28,1676.12
2013-10-08,2.26,1655.45
2013-10-09,2.31,1656.40
2013-10-10,2.36,1692.56
2013-10-11,2.35,1703.20
2013-10-15,2.38,1698.06
2013-10-16,2.35,1721.54
2013-10-17,2.28,1733.15
2013-10-18,2.27,1744.50
2013-10-21,2.30,1744.66
2013-10-22,2.23,1754.67
2013-10-23,2.20,1746.38
2013-10-24,2.20,1752.07
2013-10-25,2.21,1759.77
2013-10-28,2.22,1762.11
2013-10-29,2.22,1771.95
2013-10-30,2.22,1763.31
2013-10-31,2.26,1756.54
2013-11-01,2.32,1761.64
2013-11-04,2.31,1767.93
2013-11-05,2.37,1762.97
2013-11-06,2.37,1770.49
2013-11-07,2.34,1747.15
2013-11-08,2.45,1770.61
2013-11-12,2.46,1767.69
2013-11-13,2.43,1782.00
2013-11-14,2.40,1790.62
2013-11-15,2.40,1798.18
2013-11-18,2.36,1791.53
2013-11-19,2.42,1787.87
2013-11-20,2.52,1781.37
2013-11-21,2.50,1795.85
2013-11-22,2.44,1804.76
2013-11-25,2.44,1802.48
2013-11-26,2.42,1802.75
2013-11-27,2.46,1807.23
2013-11-29,2.47,1805.81
2013-12-02,2.51,1800.90
2013-12-03,2.51,1795.15
2013-12-04,2.54,1792.81
2013-12-05,2.58,1785.03
2013-12-06,2.58,1805.09
2013-12-09,2.56,1808.37
2013-12-10,2.51,1802.62
2013-12-11,2.55,1782.22
2013-12-12,2.55,1775.50
2013-12-13,2.54,1775.32
2013-12-16,2.55,1786.54
2013-12-17,2.51,1781.00
2013-12-18,2.57,1810.65
2013-12-19,2.59,1809.60
2013-12-20,2.52,1818.32
2013-12-23,2.56,1827.99
2013-12-24,2.61,1833.32
2013-12-26,2.58,1842.02
2013-12-27,2.62,1841.40
2013-12-30,2.60,1841.07
2013-12-31,2.66,1848.36
2014-01-02,2.61,1831.98
2014-01-03,2.60,1831.37
2014-01-06,2.58,1826.77
2014-01-07,2.56,1837.88
2014-01-08,2.58,1837.49
2014-01-09,2.53,1838.13
2014-01-10,2.49,1842.37
2014-01-13,2.45,1819.20
2014-01-14,2.49,1838.88
2014-01-15,2.49,1848.38
2014-01-16,2.45,1845.89
2014-01-17,2.44,1838.70
2014-01-21,2.45,1843.80
2014-01-22,2.43,1844.86
2014-01-23,2.40,1828.46
2014-01-24,2.38,1790.29
2014-01-27,2.41,1781.56
2014-01-28,2.39,1792.50
2014-01-29,2.33,1774.20
2014-01-30,2.36,1794.19
2014-01-31,2.33,1782.59
2014-02-03,2.31,1741.89
2014-02-04,2.33,1755.20
2014-02-05,2.38,1751.64
2014-02-06,2.40,1773.43
2014-02-07,2.41,1797.02
2014-02-10,2.38,1799.84
2014-02-11,2.40,1819.75
2014-02-12,2.45,1819.26
2014-02-13,2.41,1829.83
2014-02-14,2.43,1838.63
2014-02-18,2.40,1840.76
2014-02-19,2.40,1828.75
2014-02-20,2.42,1839.78
2014-02-21,2.40,1836.25
2014-02-24,2.40,1847.61
2014-02-25,2.36,1845.12
2014-02-26,2.34,1845.16
2014-02-27,2.32,1854.29
2014-02-28,2.33,1859.45
2014-03-03,2.28,1845.73
2014-03-04,2.37,1873.91
2014-03-05,2.37,1873.81
2014-03-06,2.37,1877.03
2014-03-07,2.42,1878.04
2014-03-10,2.42,1877.17
2014-03-11,2.40,1867.63
2014-03-12,2.36,1868.20
2014-03-13,2.32,1846.34
2014-03-14,2.29,1841.13
2014-03-17,2.32,1858.83
2014-03-18,2.32,1872.25
2014-03-19,2.31,1860.77
2014-03-20,2.34,1872.01
2014-03-21,2.30,1866.52
2014-03-24,2.27,1857.44
2014-03-25,2.28,1865.62
2014-03-26,2.26,1852.56
2014-03-27,2.24,1849.04
2014-03-28,2.28,1857.62
2014-03-31,2.29,1872.34
2014-04-01,2.33,1885.52
2014-04-02,2.35,1890.90
2014-04-03,2.34,1888.77
2014-04-04,2.31,1865.09
2014-04-07,2.30,1845.04
2014-04-08,2.29,1851.96
2014-04-09,2.34,1872.18
2014-04-10,2.28,1833.08
2014-04-11,2.26,1815.69
2014-04-14,2.28,1830.61
2014-04-15,2.25,1842.98
2014-04-16,2.26,1862.31
2014-04-17,2.30,1864.85
2014-04-21,2.31,1871.89
2014-04-22,2.28,1879.55
2014-04-23,2.27,1875.39
2014-04-24,2.27,1878.61
2014-04-25,2.25,1863.40
2014-04-28,2.26,1869.43
2014-04-29,2.27,1878.33
2014-04-30,2.25,1883.95
2014-05-01,2.22,1883.68
2014-05-02,2.18,1881.14
2014-05-05,2.20,1884.66
2014-05-06,2.18,1867.72
2014-05-07,2.21,1878.21
2014-05-08,2.21,1875.63
2014-05-09,2.22,1878.48
2014-05-12,2.25,1896.65
2014-05-13,2.22,1897.45
2014-05-14,2.15,1888.53
2014-05-15,2.12,1870.85
2014-05-16,2.14,1877.86
2014-05-19,2.18,1885.08
2014-05-20,2.17,1872.83
2014-05-21,2.17,1888.03
2014-05-22,2.19,1892.49
2014-05-23,2.17,1900.53
2014-05-27,2.13,1911.91
2014-05-28,2.07,1909.78
2014-05-29,2.08,1920.03
2014-05-30,2.11,1923.57
2014-06-02,2.15,1924.97
2014-06-03,2.19,1924.24
2014-06-04,2.20,1927.88
2014-06-05,2.19,1940.46
2014-06-06,2.19,1949.44
2014-06-09,2.19,1951.27
2014-06-10,2.19,1950.79
2014-06-11,2.21,1943.89
2014-06-12,2.16,1930.11
2014-06-13,2.15,1936.16
2014-06-16,2.12,1937.78
2014-06-17,2.15,1941.99
2014-06-18,2.13,1956.98
2014-06-19,2.16,1959.48
2014-06-20,2.13,1962.87
2014-06-23,2.15,1962.61
2014-06-24,2.10,1949.98
2014-06-25,2.09,1959.53
2014-06-26,2.07,1957.22
2014-06-27,2.09,1960.96
2014-06-30,2.06,1960.23
2014-07-01,2.11,1973.32
2014-07-02,2.15,1974.62
2014-07-03,2.13,1985.44
2014-07-07,2.11,1977.65
2014-07-08,2.07,1963.71
2014-07-09,2.06,1972.83
2014-07-10,2.09,1964.68
2014-07-11,2.05,1967.57
2014-07-14,2.07,1977.10
2014-07-15,2.07,1973.28
2014-07-16,2.05,1981.57
2014-07-17,2.00,1958.12
2014-07-18,1.99,1978.22
2014-07-21,1.98,1973.63
2014-07-22,1.99,1983.53
2014-07-23,1.98,1987.01
2014-07-24,1.99,1987.98
2014-07-25,1.95,1978.34
2014-07-28,1.96,1978.91
2014-07-29,1.93,1969.95
2014-07-30,2.01,1970.07
2014-07-31,2.05,1930.67
2014-08-01,2.05,1925.15
2014-08-04,2.04,1938.99
2014-08-05,2.02,1920.21
2014-08-06,2.01,1920.24
2014-08-07,1.99,1909.57
2014-08-08,1.99,1931.59
2014-08-11,1.97,1936.92
2014-08-12,2.01,1933.75
2014-08-13,2.00,1946.72
2014-08-14,1.98,1955.18
2014-08-15,1.92,1955.06
2014-08-18,1.95,1971.74
2014-08-19,1.94,1981.60
2014-08-20,1.94,1986.51
2014-08-21,1.92,1992.37
2014-08-22,1.87,1988.40
2014-08-25,1.86,1997.92
2014-08-26,1.87,2000.02
2014-08-27,1.86,2000.12
2014-08-28,1.84,1996.74
2014-08-29,1.87,2003.37
2014-09-02,1.89,2002.28
2014-09-03,1.89,2000.72
2014-09-04,1.91,1997.65
2014-09-05,1.94,2007.71
2014-09-08,1.94,2001.54
2014-09-09,1.94,1988.44
2014-09-10,1.96,1995.69
2014-09-11,1.96,1997.45
2014-09-12,2.04,1985.54
2014-09-15,2.02,1984.13
2014-09-16,2.05,1998.98
2014-09-17,2.03,2001.57
2014-09-18,2.04,2011.36
2014-09-19,2.00,2010.40
2014-09-22,1.99,1994.29
2014-09-23,1.97,1982.77
2014-09-24,1.98,1998.30
2014-09-25,1.96,1965.99
2014-09-26,1.95,1982.85
2014-09-29,1.92,1977.80
2014-09-30,1.94,1972.29
2014-10-01,1.89,1946.16
2014-10-02,1.91,1946.17
2014-10-03,1.88,1967.90
2014-10-06,1.89,1964.82
2014-10-07,1.84,1935.10
2014-10-08,1.89,1968.89
2014-10-09,1.88,1928.21
2014-10-10,1.86,1906.13
2014-10-14,1.82,1877.70
2014-10-15,1.81,1862.49
2014-10-16,1.82,1862.76
2014-10-17,1.83,1886.76
2014-10-20,1.83,1904.01
2014-10-21,1.85,1941.28
2014-10-22,1.84,1927.11
2014-10-23,1.88,1950.82
2014-10-24,1.88,1964.58
2014-10-27,1.86,1961.63
2014-10-28,1.88,1985.05
2014-10-29,1.86,1982.30
2014-10-30,1.84,1994.65
2014-10-31,1.85,2018.05
2014-11-03,1.84,2017.81
2014-11-04,1.83,2012.10
2014-11-05,1.84,2023.57
2014-11-06,1.85,2031.21
2014-11-07,1.81,2031.92
2014-11-10,1.83,2038.26
2014-11-12,1.82,2038.25
2014-11-13,1.82,2039.33
2014-11-14,1.78,2039.82
2014-11-17,1.80,2041.32
2014-11-18,1.79,2051.80
2014-11-19,1.82,2048.72
2014-11-20,1.81,2052.75
2014-11-21,1.78,2063.50
2014-11-24,1.77,2069.41
2014-11-25,1.76,2067.03
2014-11-26,1.71,2072.83
2014-11-28,1.71,2067.56
2014-12-01,1.73,2053.44
2014-12-02,1.73,2066.55
2014-12-03,1.72,2074.33
2014-12-04,1.70,2071.92
2014-12-05,1.66,2075.37
2014-12-08,1.62,2060.31
2014-12-09,1.58,2059.82
2014-12-10,1.59,2026.14
2014-12-11,1.57,2035.33
2014-12-12,1.54,2002.33
2014-12-15,1.52,1989.63
2014-12-16,1.49,1972.74
2014-12-17,1.52,2012.89
2014-12-18,1.55,2061.23
2014-12-19,1.50,2070.65
2014-12-22,1.46,2078.54
2014-12-23,1.53,2082.17
2014-12-24,1.54,2081.88
2014-12-26,1.52,2088.77
2014-12-29,1.50,2090.57
2014-12-30,1.51,2080.35
2014-12-31,1.50,2058.90
2015-01-02,1.46,2058.20
2015-01-05,1.36,2020.58
2015-01-06,1.32,2002.61
2015-01-07,1.34,2025.90
2015-01-08,1.41,2062.14
2015-01-09,1.39,2044.81
2015-01-12,1.36,2028.26
2015-01-13,1.37,2023.03
2015-01-14,1.35,2011.27
2015-01-15,1.33,1992.67
2015-01-16,1.34,2019.42
2015-01-20,1.29,2022.55
2015-01-21,1.34,2032.12
2015-01-22,1.37,2063.15
2015-01-23,1.29,2051.82
2015-01-26,1.29,2057.09
2015-01-27,1.29,2029.55
2015-01-28,1.23,2002.16
2015-01-29,1.26,2021.25
2015-01-30,1.21,1994.99
2015-02-02,1.19,2020.85
2015-02-03,1.27,2050.03
2015-02-04,1.29,2041.51
2015-02-05,1.31,2062.52
2015-02-06,1.30,2055.47
2015-02-09,1.31,2046.74
2015-02-10,1.34,2068.59
2015-02-11,1.33,2068.53
2015-02-12,1.38,2088.48
2015-02-13,1.36,2096.99
2015-02-17,1.44,2100.34
2015-02-18,1.45,2099.68
2015-02-19,1.44,2097.45
2015-02-20,1.46,2110.30
2015-02-23,1.42,2109.66
2015-02-24,1.39,2115.48
2015-02-25,1.35,2113.86
2015-02-26,1.37,2110.74
2015-02-27,1.37,2104.50
2015-03-02,1.42,2117.39
2015-03-03,1.44,2107.78
2015-03-04,1.46,2098.53
2015-03-05,1.46,2101.04
2015-03-06,1.51,2071.26
2015-03-09,1.50,2079.43
2015-03-10,1.44,2044.16
2015-03-11,1.41,2040.24
2015-03-12,1.43,2065.95
2015-03-13,1.45,2053.40
2015-03-16,1.44,2081.19
2015-03-17,1.36,2074.28
2015-03-18,1.36,2099.50
2015-03-19,1.35,2089.27
2015-03-20,1.33,2108.10
2015-03-23,1.32,2104.42
2015-03-24,1.30,2091.50
2015-03-25,1.34,2061.05
2015-03-26,1.40,2056.15
2015-03-27,1.37,2061.02
2015-03-30,1.38,2086.24
2015-03-31,1.38,2067.89
2015-04-01,1.32,2059.69
2015-04-02,1.37,2066.96
2015-04-06,1.41,2080.62
2015-04-07,1.37,2076.33
2015-04-08,1.38,2081.90
2015-04-09,1.41,2091.18
2015-04-10,1.39,2102.06
2015-04-13,1.40,2092.43
2015-04-14,1.37,2095.84
2015-04-15,1.40,2106.63
2015-04-16,1.40,2104.99
2015-04-17,1.36,2081.18
2015-04-20,1.35,2100.40
2015-04-21,1.37,2097.29
2015-04-22,1.42,2107.96
2015-04-23,1.41,2112.93
2015-04-24,1.39,2117.69
2015-04-27,1.40,2108.92
2015-04-28,1.44,2114.76
2015-04-29,1.50,2106.85
2015-04-30,1.47,2085.51
2015-05-01,1.52,2108.29
2015-05-04,1.56,2114.49
2015-05-05,1.57,2089.46
2015-05-06,1.60,2080.15
2015-05-07,1.55,2088.00
2015-05-08,1.57,2116.10
2015-05-11,1.66,2105.33
2015-05-12,1.67,2099.12
2015-05-13,1.68,2098.48
2015-05-14,1.67,2121.10
2015-05-15,1.59,2122.73
2015-05-18,1.65,2129.20
2015-05-19,1.64,2127.83
2015-05-20,1.66,2125.85
2015-05-21,1.59,2130.82
2015-05-22,1.57,2126.06
2015-05-26,1.50,2104.20
2015-05-27,1.50,2123.48
2015-05-28,1.51,2120.79
2015-05-29,1.51,2107.39
2015-06-01,1.55,2111.73
2015-06-02,1.63,2109.60
2015-06-03,1.69,2114.07
2015-06-04,1.65,2095.84
2015-06-05,1.68,2092.83
2015-06-08,1.69,2079.28
2015-06-09,1.70,2080.15
2015-06-10,1.75,2105.20
2015-06-11,1.66,2108.86
2015-06-12,1.65,2094.11
2015-06-15,1.64,2084.43
2015-06-16,1.61,2096.29
2015-06-17,1.65,2100.44
2015-06-18,1.69,2121.24
2015-06-19,1.61,2109.99
2015-06-22,1.69,2122.85
2015-06-23,1.72,2124.20
2015-06-24,1.70,2108.58
2015-06-25,1.72,2102.31
2015-06-26,1.77,2101.49
2015-06-29,1.69,2057.64
2015-06-30,1.71,2063.11
2015-07-01,1.74,2077.42
2015-07-02,1.76,2076.78
2015-07-06,1.70,2068.76
2015-07-07,1.69,2081.34
2015-07-08,1.67,2046.68
2015-07-09,1.72,2051.31
2015-07-10,1.77,2076.62
2015-07-13,1.75,2099.60
2015-07-14,1.75,2108.95
2015-07-15,1.72,2107.40
2015-07-16,1.69,2124.29
2015-07-17,1.66,2126.64
2015-07-20,1.67,2128.28
2015-07-21,1.64,2119.21
2015-07-22,1.58,2114.15
2015-07-23,1.57,2102.15
2015-07-24,1.57,2079.65
2015-07-27,1.55,2067.64
2015-07-28,1.57,2093.25
2015-07-29,1.59,2108.57
2015-07-30,1.56,2108.63
2015-07-31,1.53,2103.84
2015-08-03,1.48,2098.04
2015-08-04,1.49,2093.32
2015-08-05,1.55,2099.84
2015-08-06,1.52,2083.56
2015-08-07,1.45,2077.57
2015-08-10,1.51,2104.18
2015-08-11,1.47,2084.07
2015-08-12,1.47,2086.05
2015-08-13,1.47,2083.39
2015-08-14,1.47,2091.54
2015-08-17,1.44,2102.44
2015-08-18,1.46,2096.92
2015-08-19,1.45,2079.61
2015-08-20,1.40,2035.73
2015-08-21,1.41,1970.89
2015-08-24,1.42,1893.21
2015-08-25,1.45,1867.61
2015-08-26,1.51,1940.51
2015-08-27,1.50,1987.66
2015-08-28,1.47,1988.87
2015-08-31,1.47,1972.18
2015-09-01,1.47,1913.85
2015-09-02,1.48,1948.86
2015-09-03,1.47,1951.13
2015-09-04,1.42,1921.22
2015-09-08,1.46,1969.41
2015-09-09,1.46,1942.04
2015-09-10,1.48,1952.29
2015-09-11,1.49,1961.05
2015-09-14,1.45,1953.03
2015-09-15,1.46,1978.09
2015-09-16,1.48,1995.31
2015-09-17,1.51,1990.20
2015-09-18,1.44,1958.03
2015-09-21,1.48,1966.97
2015-09-22,1.45,1942.74
2015-09-23,1.46,1938.76
2015-09-24,1.46,1932.24
2015-09-25,1.47,1931.34
2015-09-28,1.43,1881.77
2015-09-29,1.41,1884.09
2015-09-30,1.42,1920.03
2015-10-01,1.41,1923.82
2015-10-02,1.41,1951.36
2015-10-05,1.46,1987.05
2015-10-06,1.44,1979.92
2015-10-07,1.43,1995.83
2015-10-08,1.47,2013.43
2015-10-09,1.47,2014.89
2015-10-13,1.42,2003.69
2015-10-14,1.42,1994.24
2015-10-15,1.43,2023.86
2015-10-16,1.43,2033.11
2015-10-19,1.43,2033.66
2015-10-20,1.42,2030.77
2015-10-21,1.40,2018.94
2015-10-22,1.43,2052.51
2015-10-23,1.43,2075.15
2015-10-26,1.41,2071.18
2015-10-27,1.40,2065.89
2015-10-28,1.37,2090.35
2015-10-29,1.44,2089.41
2015-10-30,1.41,2079.36
2015-11-02,1.43,2104.05
2015-11-03,1.43,2109.79
2015-11-04,1.41,2102.31
2015-11-05,1.41,2099.93
2015-11-06,1.44,2099.20
2015-11-09,1.47,2078.58
2015-11-10,1.45,2081.72
2015-11-12,1.43,2045.97
2015-11-13,1.42,2023.04
2015-11-16,1.39,2053.19
2015-11-17,1.39,2050.44
2015-11-18,1.37,2083.58
2015-11-19,1.33,2081.24
2015-11-20,1.33,2089.17
2015-11-23,1.31,2086.59
2015-11-24,1.31,2089.14
2015-11-25,1.30,2088.87
2015-11-27,1.30,2090.11
2015-11-30,1.27,2080.41
2015-12-01,1.24,2102.63
2015-12-02,1.24,2079.51
2015-12-03,1.37,2049.62
2015-12-04,1.32,2091.69
2015-12-07,1.29,2077.07
2015-12-08,1.30,2063.59
2015-12-09,1.29,2047.62
2015-12-10,1.29,2052.23
2015-12-11,1.25,2012.37
2015-12-14,1.26,2021.94
2015-12-15,1.30,2043.41
2015-12-16,1.28,2073.07
2015-12-17,1.24,2041.89
2015-12-18,1.22,2005.55
2015-12-21,1.24,2021.15
2015-12-22,1.25,2038.97
2015-12-23,1.26,2064.29
2015-12-24,1.22,2060.99
2015-12-28,1.19,2056.50
2015-12-29,1.23,2078.36
2015-12-30,1.23,2063.36
2015-12-31,1.21,2043.94
2016-01-04,1.22,2012.66
2016-01-05,1.21,2016.71
2016-01-06,1.19,1990.26
2016-01-07,1.20,1943.09
2016-01-08,1.19,1922.03
2016-01-11,1.23,1923.67
2016-01-12,1.19,1938.68
2016-01-13,1.17,1890.28
2016-01-14,1.20,1921.84
2016-01-15,1.18,1880.33
2016-01-19,1.18,1881.33
2016-01-20,1.16,1859.33
2016-01-21,1.18,1868.99
2016-01-22,1.19,1906.90
2016-01-25,1.15,1877.08
2016-01-26,1.16,1903.63
2016-01-27,1.18,1882.95
2016-01-28,1.17,1893.36
2016-01-29,1.18,1940.24
2016-02-01,1.16,1939.38
2016-02-02,1.12,1903.03
2016-02-03,1.16,1912.53
2016-02-04,1.17,1915.45
2016-02-05,1.12,1880.05
2016-02-08,1.09,1853.44
2016-02-09,1.05,1852.21
2016-02-10,1.00,1851.86
2016-02-11,0.99,1829.08
2016-02-12,1.03,1864.78
2016-02-16,1.04,1895.58
2016-02-17,1.07,1926.82
2016-02-18,1.04,1917.83
2016-02-19,1.00,1917.78
2016-02-22,0.99,1945.50
2016-02-23,0.98,1921.27
2016-02-24,1.00,1929.80
2016-02-25,0.99,1951.70
2016-02-26,0.96,1948.05
2016-02-29,0.96,1932.23
2016-03-01,0.98,1978.35
2016-03-02,0.99,1986.45
2016-03-03,0.98,1993.40
2016-03-04,1.00,1999.99
2016-03-07,1.00,2001.76
2016-03-08,0.95,1979.26
2016-03-09,1.00,1989.26
2016-03-10,1.00,1989.57
2016-03-11,1.01,2022.19
2016-03-14,1.00,2019.64
2016-03-15,0.99,2015.93
2016-03-16,1.07,2027.22
2016-03-17,1.04,2040.59
2016-03-18,1.04,2049.58
2016-03-21,1.05,2051.60
2016-03-22,1.03,2049.80
2016-03-23,1.01,2036.71
2016-03-24,1.02,2035.94
2016-03-28,1.00,2037.05
2016-03-29,1.03,2055.01
2016-03-30,1.07,2063.95
2016-03-31,1.05,2059.74
2016-04-01,1.03,2072.78
2016-04-04,1.03,2066.13
2016-04-05,1.01,2045.17
2016-04-06,1.03,2066.66
2016-04-07,1.00,2041.91
2016-04-08,1.02,2047.60
2016-04-11,1.03,2041.99
2016-04-12,1.05,2061.72
2016-04-13,1.02,2082.42
2016-04-14,1.03,2082.78
2016-04-15,1.02,2080.73
2016-04-18,1.03,2094.34
2016-04-19,1.02,2100.80
2016-04-20,1.05,2102.40
2016-04-21,1.06,2091.48
2016-04-22,1.05,2091.58
2016-04-25,1.06,2087.79
2016-04-26,1.08,2091.70
2016-04-27,1.04,2095.15
2016-04-28,1.06,2075.81
2016-04-29,1.06,2065.30
2016-05-02,1.08,2081.43
2016-05-03,1.06,2063.37
2016-05-04,1.04,2051.12
2016-05-05,1.04,2050.63
2016-05-06,1.05,2057.14
2016-05-09,1.05,2058.69
2016-05-10,1.05,2084.39
2016-05-11,0.99,2064.46
2016-05-12,0.99,2064.11
2016-05-13,0.95,2046.61
2016-05-16,0.96,2066.66
2016-05-17,0.94,2047.21
2016-05-18,0.97,2047.63
2016-05-19,0.96,2040.04
2016-05-20,0.96,2052.32
2016-05-23,0.93,2048.04
2016-05-24,0.94,2076.06
2016-05-25,0.95,2090.54
2016-05-26,0.96,2090.10
2016-05-27,0.95,2099.06
2016-05-31,0.97,2096.96
2016-06-01,0.94,2099.33
2016-06-02,0.92,2105.26
2016-06-03,0.93,2099.13
2016-06-06,0.93,2109.41
2016-06-07,0.94,2112.13
2016-06-08,0.93,2119.12
2016-06-09,0.91,2115.48
2016-06-10,0.91,2096.07
2016-06-13,0.89,2079.06
2016-06-14,0.88,2075.32
2016-06-15,0.91,2071.50
2016-06-16,0.87,2077.99
2016-06-17,0.92,2071.22
2016-06-20,0.93,2083.25
2016-06-21,0.95,2088.90
2016-06-22,0.94,2085.45
2016-06-23,0.96,2113.32
2016-06-24,0.93,2037.41
2016-06-27,0.85,2000.54
2016-06-28,0.85,2036.09
2016-06-29,0.88,2070.77
2016-06-30,0.91,2098.86
2016-07-01,0.87,2102.95
2016-07-05,0.81,2088.55
2016-07-06,0.80,2099.73
2016-07-07,0.82,2097.90
2016-07-08,0.76,2129.90
2016-07-11,0.77,2137.16
2016-07-12,0.84,2152.14
2016-07-13,0.80,2152.43
2016-07-14,0.85,2163.75
2016-07-15,0.89,2161.74
2016-07-18,0.91,2166.89
2016-07-19,0.86,2163.78
2016-07-20,0.86,2173.02
2016-07-21,0.87,2165.17
2016-07-22,0.86,2175.03
2016-07-25,0.86,2168.48
2016-07-26,0.82,2169.18
2016-07-27,0.79,2166.58
2016-07-28,0.80,2170.06
2016-07-29,0.79,2173.60
2016-08-01,0.84,2170.84
2016-08-02,0.88,2157.03
2016-08-03,0.88,2163.79
2016-08-04,0.87,2164.25
2016-08-05,0.87,2182.87
2016-08-08,0.85,2180.89
2016-08-09,0.84,2181.74
2016-08-10,0.81,2175.49
2016-08-11,0.81,2185.79
2016-08-12,0.80,2184.05
2016-08-15,0.83,2190.15
2016-08-16,0.81,2178.15
2016-08-17,0.82,2182.22
2016-08-18,0.82,2187.02
2016-08-19,0.82,2183.87
2016-08-22,0.79,2182.64
2016-08-23,0.81,2186.90
2016-08-24,0.80,2175.44
2016-08-25,0.80,2172.47
2016-08-26,0.78,2169.04
2016-08-29,0.76,2180.38
2016-08-30,0.77,2176.12
2016-08-31,0.78,2170.95
2016-09-01,0.79,2170.86
2016-09-02,0.80,2179.98
2016-09-06,0.81,2186.48
2016-09-07,0.80,2186.16
2016-09-08,0.83,2181.30
2016-09-09,0.88,2127.81
2016-09-12,0.89,2159.04
2016-09-13,0.93,2127.02
2016-09-14,0.93,2125.77
2016-09-15,0.97,2147.26
2016-09-16,0.93,2139.16
2016-09-19,0.91,2139.12
2016-09-20,0.90,2139.76
2016-09-21,0.87,2163.12
2016-09-22,0.84,2177.18
2016-09-23,0.85,2164.69
2016-09-26,0.83,2146.10
2016-09-27,0.81,2159.93
2016-09-28,0.82,2171.37
2016-09-29,0.83,2151.13
2016-09-30,0.83,2168.27
2016-10-03,0.83,2161.20
2016-10-04,0.87,2150.49
2016-10-05,0.87,2159.73
2016-10-06,0.89,2160.77
2016-10-07,0.90,2153.74
2016-10-11,0.90,2136.73
2016-10-12,0.92,2139.18
2016-10-13,0.90,2132.55
2016-10-14,0.96,2132.98
2016-10-17,0.96,2126.50
2016-10-18,0.93,2139.60
2016-10-19,0.95,2144.29
2016-10-20,0.92,2141.34
2016-10-21,0.90,2141.16
2016-10-24,0.93,2151.33
2016-10-25,0.91,2143.16
2016-10-26,0.93,2139.43
2016-10-27,0.98,2133.04
2016-10-28,1.00,2126.41
2016-10-31,0.98,2126.15
2016-11-01,1.00,2111.72
2016-11-02,1.00,2097.94
2016-11-03,1.01,2088.66
2016-11-04,0.99,2085.18
2016-11-07,1.01,2131.52
2016-11-08,1.01,2139.56
2016-11-09,1.17,2163.26
2016-11-10,1.23,2167.48
2016-11-14,1.23,2164.20
2016-11-15,1.21,2180.39
2016-11-16,1.22,2176.94
2016-11-17,1.25,2187.12
2016-11-18,1.27,2181.90
2016-11-21,1.25,2198.18
2016-11-22,1.24,2202.94
2016-11-23,1.24,2204.72
2016-11-25,1.24,2213.35
2016-11-28,1.21,2201.72
2016-11-29,1.21,2204.66
2016-11-30,1.26,2198.81
2016-12-01,1.31,2191.08
2016-12-02,1.29,2191.95
2016-12-05,1.26,2204.71
2016-12-06,1.27,2212.23
2016-12-07,1.24,2241.35
2016-12-08,1.28,2246.19
2016-12-09,1.32,2259.53
2016-12-12,1.34,2256.96
2016-12-13,1.31,2271.72
2016-12-14,1.27,2253.28
2016-12-15,1.31,2262.03
2016-12-16,1.32,2258.07
2016-12-19,1.30,2262.53
2016-12-20,1.32,2270.76
2016-12-21,1.34,2265.18
2016-12-22,1.33,2260.96
2016-12-23,1.33,2263.79
2016-12-27,1.29,2268.88
2016-12-28,1.25,2249.92
2016-12-29,1.27,2249.26
2016-12-30,1.25,2238.83
2017-01-03,1.23,2257.83
2017-01-04,1.22,2270.75
2017-01-05,1.20,2269.00
2017-01-06,1.20,2276.98
2017-01-09,1.17,2268.90
2017-01-10,1.19,2268.90
2017-01-11,1.18,2275.32
2017-01-12,1.18,2270.44
2017-01-13,1.19,2274.64
2017-01-17,1.16,2267.89
2017-01-18,1.19,2271.89
2017-01-19,1.22,2263.69
2017-01-20,1.28,2271.31
2017-01-23,1.25,2265.20
2017-01-24,1.26,2280.07
2017-01-25,1.30,2298.37
2017-01-26,1.30,2296.68
2017-01-27,1.27,2294.69
2017-01-30,1.27,2280.90
2017-01-31,1.26,2278.87
2017-02-01,1.26,2279.55
2017-02-02,1.27,2280.85
2017-02-03,1.28,2297.42
2017-02-06,1.26,2292.56
2017-02-07,1.24,2293.08
2017-02-08,1.19,2294.67
2017-02-09,1.20,2307.87
2017-02-10,1.21,2316.10
2017-02-13,1.23,2328.25
2017-02-14,1.22,2337.58
2017-02-15,1.24,2349.25
2017-02-16,1.23,2347.22
2017-02-17,1.21,2351.16
2017-02-21,1.21,2365.38
2017-02-22,1.20,2362.82
2017-02-23,1.20,2363.81
2017-02-24,1.19,2367.34
2017-02-27,1.16,2369.75
2017-02-28,1.14,2363.64
2017-03-01,1.17,2395.96
2017-03-02,1.17,2381.92
2017-03-03,1.17,2383.12
2017-03-06,1.18,2375.31
2017-03-07,1.20,2368.39
2017-03-08,1.21,2362.98
2017-03-09,1.23,2364.87
2017-03-10,1.22,2372.60
2017-03-13,1.22,2373.47
2017-03-14,1.20,2365.45
2017-03-15,1.18,2385.26
2017-03-16,1.18,2381.38
2017-03-17,1.17,2378.25
2017-03-20,1.17,2373.47
2017-03-21,1.16,2344.02
2017-03-22,1.13,2348.45
2017-03-23,1.15,2345.96
2017-03-24,1.14,2343.98
2017-03-27,1.11,2341.59
2017-03-28,1.12,2358.57
2017-03-29,1.13,2361.13
2017-03-30,1.14,2368.06
2017-03-31,1.13,2362.72
2017-04-03,1.11,2358.84
2017-04-04,1.11,2360.16
2017-04-05,1.10,2352.95
2017-04-06,1.10,2357.49
2017-04-07,1.09,2355.54
2017-04-10,1.08,2357.16
2017-04-11,1.08,2353.78
2017-04-12,1.04,2344.93
2017-04-13,1.03,2328.95
2017-04-17,1.05,2349.01
2017-04-18,1.00,2342.19
2017-04-19,1.02,2338.17
2017-04-20,1.03,2355.84
2017-04-21,1.04,2348.69
2017-04-24,1.03,2374.15
2017-04-25,1.06,2388.61
2017-04-26,1.04,2387.45
2017-04-27,1.05,2388.77
2017-04-28,1.01,2384.20
2017-05-01,1.05,2388.33
2017-05-02,1.02,2391.17
2017-05-03,1.03,2388.13
2017-05-04,1.04,2389.52
2017-05-05,1.04,2399.29
2017-05-08,1.06,2399.38
2017-05-09,1.05,2396.92
2017-05-10,1.06,2399.63
2017-05-11,1.04,2394.44
2017-05-12,1.04,2390.90
2017-05-15,1.03,2402.32
2017-05-16,1.04,2400.67
2017-05-17,0.96,2357.03
2017-05-18,0.96,2365.72
2017-05-19,0.95,2381.73
2017-05-22,0.96,2394.02
2017-05-23,0.98,2398.42
2017-05-24,0.97,2404.39
2017-05-25,0.95,2415.07
2017-05-26,0.95,2415.82
2017-05-30,0.93,2412.91
2017-05-31,0.93,2411.80
2017-06-01,0.93,2430.06
2017-06-02,0.87,2439.07
2017-06-05,0.86,2436.10
2017-06-06,0.84,2429.33
2017-06-07,0.86,2433.14
2017-06-08,0.86,2433.79
2017-06-09,0.86,2431.77
2017-06-12,0.86,2429.39
2017-06-13,0.83,2440.35
2017-06-14,0.80,2437.92
2017-06-15,0.81,2432.46
2017-06-16,0.84,2433.15
2017-06-19,0.83,2453.46
2017-06-20,0.80,2437.03
2017-06-21,0.80,2435.61
2017-06-22,0.81,2434.50
2017-06-23,0.81,2438.30
2017-06-26,0.78,2439.07
2017-06-27,0.83,2419.38
2017-06-28,0.88,2440.69
2017-06-29,0.89,2419.70
2017-06-30,0.93,2423.41
2017-07-03,0.94,2429.01
2017-07-05,0.92,2432.54
2017-07-06,0.97,2409.75
2017-07-07,0.99,2425.18
2017-07-10,0.98,2427.43
2017-07-11,1.00,2425.53
2017-07-12,0.98,2443.25
2017-07-13,0.98,2447.83
2017-07-14,0.98,2459.27
2017-07-17,0.95,2459.14
2017-07-18,0.91,2460.61
2017-07-19,0.90,2473.83
2017-07-20,0.90,2473.45
2017-07-21,0.88,2472.54
2017-07-24,0.89,2469.91
2017-07-25,0.93,2477.13
2017-07-26,0.93,2477.83
2017-07-27,0.96,2475.42
2017-07-28,0.96,2472.10
2017-07-31,0.96,2470.30
2017-08-01,0.92,2476.35
2017-08-02,0.91,2477.57
2017-08-03,0.90,2472.16
2017-08-04,0.91,2476.83
2017-08-07,0.90,2480.91
2017-08-08,0.93,2474.92
2017-08-09,0.91,2474.02
2017-08-10,0.87,2438.21
2017-08-11,0.89,2441.32
2017-08-14,0.89,2465.84
2017-08-15,0.92,2464.61
2017-08-16,0.90,2468.11
2017-08-17,0.87,2430.01
2017-08-18,0.86,2425.55
2017-08-21,0.86,2428.37
2017-08-22,0.89,2452.51
2017-08-23,0.85,2444.04
2017-08-24,0.86,2438.97
2017-08-25,0.82,2443.05
2017-08-28,0.83,2444.24
2017-08-29,0.80,2446.30
2017-08-30,0.82,2457.59
2017-08-31,0.79,2471.65
2017-09-01,0.81,2476.55
2017-09-05,0.77,2457.85
2017-09-06,0.80,2465.54
2017-09-07,0.78,2465.10
2017-09-08,0.79,2461.43
2017-09-11,0.82,2488.11
2017-09-12,0.84,2496.48
2017-09-13,0.85,2498.37
2017-09-14,0.83,2495.62
2017-09-15,0.81,2500.23
2017-09-18,0.83,2503.87
2017-09-19,0.84,2506.65
2017-09-20,0.83,2508.24
2017-09-21,0.82,2500.60
2017-09-22,0.80,2502.22
2017-09-25,0.78,2496.66
2017-09-26,0.79,2496.84
2017-09-27,0.84,2507.04
2017-09-28,0.86,2510.06
2017-09-29,0.86,2519.36
2017-10-02,0.85,2529.12
2017-10-03,0.86,2534.58
2017-10-04,0.86,2537.74
2017-10-05,0.86,2552.07
2017-10-06,0.83,2549.33
2017-10-10,0.84,2550.64
2017-10-11,0.84,2555.24
2017-10-12,0.82,2550.93
2017-10-13,0.77,2553.17
2017-10-16,0.76,2557.64
2017-10-17,0.76,2559.36
2017-10-18,0.75,2561.26
2017-10-19,0.75,2562.10
2017-10-20,0.79,2575.21
2017-10-23,0.80,2564.98
2017-10-24,0.82,2569.13
2017-10-25,0.83,2557.15
2017-10-26,0.83,2560.40
2017-10-27,0.83,2581.07
2017-10-30,0.79,2572.83
2017-10-31,0.78,2575.26
2017-11-01,0.76,2579.36
2017-11-02,0.74,2579.85
2017-11-03,0.71,2587.84
2017-11-06,0.71,2591.13
2017-11-07,0.69,2590.64
2017-11-08,0.67,2594.38
2017-11-09,0.70,2584.62
2017-11-10,0.73,2582.30
2017-11-13,0.70,2584.84
2017-11-14,0.70,2578.87
2017-11-15,0.65,2564.62
2017-11-16,0.65,2585.64
2017-11-17,0.62,2578.85
2017-11-20,0.60,2582.14
2017-11-21,0.59,2599.03
2017-11-22,0.58,2597.08
2017-11-24,0.59,2602.42
2017-11-27,0.58,2601.42
2017-11-28,0.59,2627.04
2017-11-29,0.59,2626.07
2017-11-30,0.64,2647.58
2017-12-01,0.59,2642.22
2017-12-04,0.57,2639.44
2017-12-05,0.53,2629.57
2017-12-06,0.55,2629.27
2017-12-07,0.57,2636.98
2017-12-08,0.58,2651.50
2017-12-11,0.57,2659.99
2017-12-12,0.57,2664.11
2017-12-13,0.57,2662.85
2017-12-14,0.53,2652.01
2017-12-15,0.51,2675.81
2017-12-18,0.55,2690.16
2017-12-19,0.59,2681.47
2017-12-20,0.62,2679.25
2017-12-21,0.59,2684.57
2017-12-22,0.57,2683.34
2017-12-26,0.55,2680.50
2017-12-27,0.53,2682.62
2017-12-28,0.52,2687.54
2017-12-29,0.51,2673.61
2018-01-02,0.54,2695.81
2018-01-03,0.50,2713.06
2018-01-04,0.50,2723.99
2018-01-05,0.51,2743.15
2018-01-08,0.53,2747.71
2018-01-09,0.57,2751.29
2018-01-10,0.57,2748.23
2018-01-11,0.56,2767.56
2018-01-12,0.56,2786.24
2018-01-16,0.51,2776.42
2018-01-17,0.52,2802.56
2018-01-18,0.57,2798.03
2018-01-19,0.58,2810.30
2018-01-22,0.58,2832.97
2018-01-23,0.57,2839.13
2018-01-24,0.57,2837.54
2018-01-25,0.55,2839.25
2018-01-26,0.53,2872.87
2018-01-29,0.59,2853.53
2018-01-30,0.60,2822.43
2018-01-31,0.58,2823.81
2018-02-01,0.62,2821.98
2018-02-02,0.69,2762.13
2018-02-05,0.69,2648.94
2018-02-06,0.69,2695.14
2018-02-07,0.69,2681.66
2018-02-08,0.72,2581.00
2018-02-09,0.78,2619.55
2018-02-12,0.77,2656.00
2018-02-13,0.73,2662.94
2018-02-14,0.74,2698.63
2018-02-15,0.71,2731.20
2018-02-16,0.66,2732.22
2018-02-20,0.63,2716.26
2018-02-21,0.68,2701.33
2018-02-22,0.67,2703.96
2018-02-23,0.63,2747.30
2018-02-26,0.64,2779.60
2018-02-27,0.63,2744.28
2018-02-28,0.62,2713.83
2018-03-01,0.59,2677.67
2018-03-02,0.61,2691.25
2018-03-05,0.64,2720.94
2018-03-06,0.63,2728.12
2018-03-07,0.64,2726.80
2018-03-08,0.61,2738.97
2018-03-09,0.63,2786.57
2018-03-12,0.60,2783.02
2018-03-13,0.58,2765.31
2018-03-14,0.55,2749.48
2018-03-15,0.53,2747.33
2018-03-16,0.54,2752.01
2018-03-19,0.54,2712.92
2018-03-20,0.55,2716.94
2018-03-21,0.58,2711.93
2018-03-22,0.54,2643.69
2018-03-23,0.54,2588.26
2018-03-26,0.52,2658.55
2018-03-27,0.52,2612.62
2018-03-28,0.49,2605.00
2018-03-29,0.47,2640.87
2018-04-02,0.48,2581.88
2018-04-03,0.51,2614.45
2018-04-04,0.51,2644.69
2018-04-05,0.53,2662.84
2018-04-06,0.50,2604.47
2018-04-09,0.49,2613.16
2018-04-10,0.48,2656.87
2018-04-11,0.47,2642.19
2018-04-12,0.49,2663.99
2018-04-13,0.45,2656.30
2018-04-16,0.44,2677.84
2018-04-17,0.41,2706.39
2018-04-18,0.45,2708.64
2018-04-19,0.48,2693.13
2018-04-20,0.50,2670.14
2018-04-23,0.49,2670.29
2018-04-24,0.52,2634.56
2018-04-25,0.54,2639.40
2018-04-26,0.51,2666.94
2018-04-27,0.47,2669.91
2018-04-30,0.46,2648.05
2018-05-01,0.47,2654.80
2018-05-02,0.48,2635.67
2018-05-03,0.45,2629.73
2018-05-04,0.44,2663.42
2018-05-07,0.46,2672.63
2018-05-08,0.46,2671.92
2018-05-09,0.46,2697.79
2018-05-10,0.43,2723.07
2018-05-11,0.43,2727.72
2018-05-14,0.45,2730.13
2018-05-15,0.50,2711.45
2018-05-16,0.51,2722.46
2018-05-17,0.54,2720.13
2018-05-18,0.51,2712.97
2018-05-21,0.48,2733.01
2018-05-22,0.47,2724.44
2018-05-23,0.48,2733.29
2018-05-24,0.48,2727.76
2018-05-25,0.45,2721.33
2018-05-29,0.45,2689.86
2018-05-30,0.42,2724.01
2018-05-31,0.43,2705.27
2018-06-01,0.42,2734.62
2018-06-04,0.42,2746.87
2018-06-05,0.43,2748.80
2018-06-06,0.45,2772.35
2018-06-07,0.43,2770.37
2018-06-08,0.43,2779.03
2018-06-11,0.44,2782.00
2018-06-12,0.42,2786.85
2018-06-13,0.39,2775.63
2018-06-14,0.35,2782.49
2018-06-15,0.38,2779.66
2018-06-18,0.36,2773.75
2018-06-19,0.35,2762.59
2018-06-20,0.37,2767.32
2018-06-21,0.34,2749.76
2018-06-22,0.34,2754.88
2018-06-25,0.33,2717.07
2018-06-26,0.35,2723.06
2018-06-27,0.31,2699.63
2018-06-28,0.32,2716.31
2018-06-29,0.33,2718.37
2018-07-02,0.30,2726.71
2018-07-03,0.30,2713.22
2018-07-05,0.29,2736.61
2018-07-06,0.29,2759.82
2018-07-09,0.29,2784.17
2018-07-10,0.28,2793.84
2018-07-11,0.27,2774.02
2018-07-12,0.25,2798.29
2018-07-13,0.24,2801.31
2018-07-16,0.26,2798.43
2018-07-17,0.24,2809.55
2018-07-18,0.28,2815.62
2018-07-19,0.24,2804.49
2018-07-20,0.29,2801.83
2018-07-23,0.32,2806.98
2018-07-24,0.32,2820.40
2018-07-25,0.28,2846.07
2018-07-26,0.29,2837.44
2018-07-27,0.29,2818.82
2018-07-30,0.32,2802.60
2018-07-31,0.29,2816.29
2018-08-01,0.33,2813.36
2018-08-02,0.32,2827.22
2018-08-03,0.32,2840.35
2018-08-06,0.30,2850.40
2018-08-07,0.30,2858.45
2018-08-08,0.28,2857.70
2018-08-09,0.29,2853.58
2018-08-10,0.26,2833.28
2018-08-13,0.27,2821.93
2018-08-14,0.26,2839.96
2018-08-15,0.25,2818.37
2018-08-16,0.24,2840.69
2018-08-17,0.26,2850.13
2018-08-20,0.22,2857.05
2018-08-21,0.24,2862.96
2018-08-22,0.22,2861.82
2018-08-23,0.21,2856.98
2018-08-24,0.19,2874.69
2018-08-27,0.18,2896.74
2018-08-28,0.21,2897.52
2018-08-29,0.22,2914.04
2018-08-30,0.22,2901.13
2018-08-31,0.24,2901.52
2018-09-04,0.24,2896.72
2018-09-05,0.24,2888.60
2018-09-06,0.24,2878.05
2018-09-07,0.23,2871.68
2018-09-10,0.21,2877.13
2018-09-11,0.22,2887.89
2018-09-12,0.23,2888.92
2018-09-13,0.21,2904.18
2018-09-14,0.21,2904.98
2018-09-17,0.21,2888.80
2018-09-18,0.24,2904.31
2018-09-19,0.27,2907.95
2018-09-20,0.26,2930.75
2018-09-21,0.26,2929.67
2018-09-24,0.25,2919.37
2018-09-25,0.27,2915.56
2018-09-26,0.23,2905.97
2018-09-27,0.23,2914.00
2018-09-28,0.24,2913.98
2018-10-01,0.27,2924.59
2018-10-02,0.23,2923.43
2018-10-03,0.30,2925.51
2018-10-04,0.32,2901.61
2018-10-05,0.35,2885.57
2018-10-09,0.33,2880.34
2018-10-10,0.34,2785.68
2018-10-11,0.29,2728.37
2018-10-12,0.30,2767.13
2018-10-15,0.31,2750.79
2018-10-16,0.29,2809.92
2018-10-17,0.30,2809.21
2018-10-18,0.30,2768.78
2018-10-19,0.28,2767.78
2018-10-22,0.28,2755.88
2018-10-23,0.28,2740.69
2018-10-24,0.26,2656.10
2018-10-25,0.28,2705.57
2018-10-26,0.27,2658.69
2018-10-29,0.27,2641.25
2018-10-30,0.28,2682.63
2018-10-31,0.28,2711.74
2018-11-01,0.30,2740.37
2018-11-02,0.31,2723.06
2018-11-05,0.29,2738.31
2018-11-06,0.29,2755.45
2018-11-07,0.26,2813.89
2018-11-08,0.26,2806.83
2018-11-09,0.25,2781.01
2018-11-13,0.25,2722.18
2018-11-14,0.26,2701.58
2018-11-15,0.25,2730.20
2018-11-16,0.27,2736.27
2018-11-19,0.27,2690.73
2018-11-20,0.27,2641.89
2018-11-21,0.25,2649.93
2018-11-23,0.24,2632.56
2018-11-26,0.23,2673.45
2018-11-27,0.23,2682.17
2018-11-28,0.25,2743.79
2018-11-29,0.22,2737.76
2018-11-30,0.21,2760.17
2018-12-03,0.15,2790.37
2018-12-04,0.11,2700.06
2018-12-06,0.12,2695.95
2018-12-07,0.13,2633.08
2018-12-10,0.13,2637.72
2018-12-11,0.11,2636.78
2018-12-12,0.14,2651.07
2018-12-13,0.16,2650.54
2018-12-14,0.16,2599.95
2018-12-17,0.16,2545.94
2018-12-18,0.17,2546.16
2018-12-19,0.14,2506.96
2018-12-20,0.12,2467.42
2018-12-21,0.16,2416.62
2018-12-24,0.19,2351.10
2018-12-26,0.20,2467.70
2018-12-27,0.21,2488.83
2018-12-28,0.20,2485.74
2018-12-31,0.21,2506.85
2019-01-02,0.16,2510.03
2019-01-03,0.17,2447.89
2019-01-04,0.17,2531.94
2019-01-07,0.17,2549.69
2019-01-08,0.15,2574.41
2019-01-09,0.18,2584.96
2019-01-10,0.18,2596.64
2019-01-11,0.16,2596.26
2019-01-14,0.18,2582.61
2019-01-15,0.19,2610.30
2019-01-16,0.18,2616.10
2019-01-17,0.19,2635.96
2019-01-18,0.17,2670.71
2019-01-22,0.16,2632.90
2019-01-23,0.18,2638.70
2019-01-24,0.16,2642.33
2019-01-25,0.16,2664.76
2019-01-28,0.15,2643.85
2019-01-29,0.16,2640.00
2019-01-30,0.18,2681.05
2019-01-31,0.18,2704.10
2019-02-01,0.18,2706.53
2019-02-04,0.20,2724.87
2019-02-05,0.18,2737.70
2019-02-06,0.18,2731.61
2019-02-07,0.17,2706.05
2019-02-08,0.18,2707.88
2019-02-11,0.17,2709.80
2019-02-12,0.18,2744.73
2019-02-13,0.18,2753.03
2019-02-14,0.16,2745.73
2019-02-15,0.14,2775.60
2019-02-19,0.15,2779.76
2019-02-20,0.15,2784.70
2019-02-21,0.16,2774.88
2019-02-22,0.17,2792.67
2019-02-25,0.16,2796.11
2019-02-26,0.16,2793.90
2019-02-27,0.19,2792.38
2019-02-28,0.21,2784.49
2019-03-01,0.21,2803.69
2019-03-04,0.17,2792.81
2019-03-05,0.17,2789.65
2019-03-06,0.17,2771.45
2019-03-07,0.17,2748.93
2019-03-08,0.17,2743.07
2019-03-11,0.17,2783.30
2019-03-12,0.16,2791.52
2019-03-13,0.16,2810.92
2019-03-14,0.17,2808.48
2019-03-15,0.16,2822.48
2019-03-18,0.15,2832.94
2019-03-19,0.15,2832.57
2019-03-20,0.14,2824.23
2019-03-21,0.13,2854.88
2019-03-22,0.13,2800.71
2019-03-25,0.17,2798.36
2019-03-26,0.17,2818.46
2019-03-27,0.17,2805.37
2019-03-28,0.16,2815.44
2019-03-29,0.14,2834.40
2019-04-01,0.16,2867.19
2019-04-02,0.18,2867.24
2019-04-03,0.19,2873.40
2019-04-04,0.18,2879.39
2019-04-05,0.15,2892.74
2019-04-08,0.16,2895.77
2019-04-09,0.16,2878.20
2019-04-10,0.17,2888.21
2019-04-11,0.16,2888.32
2019-04-12,0.16,2907.41
2019-04-15,0.15,2905.58
2019-04-16,0.19,2907.06
2019-04-17,0.19,2900.45
2019-04-18,0.19,2905.03
2019-04-22,0.21,2907.97
2019-04-23,0.21,2933.68
2019-04-24,0.21,2927.25
2019-04-25,0.21,2926.17
2019-04-26,0.23,2939.88
2019-04-29,0.24,2943.03
2019-04-30,0.24,2945.83
2019-05-01,0.21,2923.73
2019-05-02,0.20,2917.52
2019-05-03,0.21,2945.64
2019-05-06,0.20,2932.47
2019-05-07,0.17,2884.05
2019-05-08,0.19,2879.42
2019-05-09,0.19,2870.72
2019-05-10,0.21,2881.40
2019-05-13,0.22,2811.87
2019-05-14,0.22,2834.41
2019-05-15,0.21,2850.96
2019-05-16,0.20,2876.32
2019-05-17,0.19,2859.53
2019-05-20,0.20,2840.23
2019-05-21,0.17,2864.36
2019-05-22,0.16,2856.27
2019-05-23,0.19,2822.24
2019-05-24,0.16,2826.06
2019-05-28,0.14,2802.39
2019-05-29,0.16,2783.02
2019-05-30,0.16,2788.86
2019-05-31,0.19,2752.06
2019-06-03,0.25,2744.45
2019-06-04,0.24,2803.27
2019-06-05,0.29,2826.15
2019-06-06,0.24,2843.49
2019-06-07,0.24,2873.34
2019-06-10,0.25,2886.73
2019-06-11,0.22,2885.72
2019-06-12,0.25,2879.84
2019-06-13,0.27,2891.64
2019-06-14,0.25,2886.98
2019-06-17,0.23,2889.67
2019-06-18,0.20,2917.75
2019-06-19,0.29,2926.46
2019-06-20,0.29,2954.18
2019-06-21,0.30,2950.46
2019-06-24,0.30,2945.35
2019-06-25,0.29,2917.38
2019-06-26,0.28,2913.78
2019-06-27,0.27,2924.92
2019-06-28,0.25,2941.76
2019-07-01,0.25,2964.33
2019-07-02,0.21,2973.01
2019-07-03,0.19,2995.82
2019-07-05,0.17,2990.41
2019-07-08,0.17,2975.95
2019-07-09,0.15,2979.63
2019-07-10,0.25,2993.07
2019-07-11,0.28,2999.91
2019-07-12,0.28,3013.77
2019-07-15,0.26,3014.30
2019-07-16,0.26,3004.04
2019-07-17,0.23,2984.42
2019-07-18,0.27,2995.11
2019-07-19,0.25,2976.61
2019-07-22,0.25,2985.03
2019-07-23,0.25,3005.47
2019-07-24,0.22,3019.56
2019-07-25,0.22,3003.67
2019-07-26,0.22,3025.86
2019-07-29,0.21,3020.97
2019-07-30,0.21,3013.18
2019-07-31,0.13,2980.38
2019-08-01,0.17,2953.56
2019-08-02,0.14,2932.05
2019-08-05,0.16,2844.74
2019-08-06,0.13,2881.77
2019-08-07,0.12,2883.98
2019-08-08,0.10,2938.09
2019-08-09,0.11,2918.65
2019-08-12,0.07,2883.75
2019-08-13,0.02,2926.32
2019-08-14,0.01,2840.60
2019-08-15,0.04,2847.60
2019-08-16,0.07,2888.68
2019-08-19,0.07,2923.65
2019-08-20,0.05,2900.51
2019-08-21,0.03,2924.43
2019-08-22,0.01,2922.95
2019-08-23,0.01,2847.11
2019-08-26,0.00,2878.38
2019-08-27,-0.04,2869.16
2019-08-28,-0.03,2887.94
2019-08-29,-0.03,2924.58
2019-08-30,0.00,2926.46
2019-09-03,0.00,2906.27
2019-09-04,0.04,2937.78
2019-09-05,0.02,2976.00
2019-09-06,0.02,2978.71
2019-09-09,0.05,2978.43
2019-09-10,0.05,2979.39
2019-09-11,0.07,3000.93
2019-09-12,0.07,3009.57
2019-09-13,0.11,3007.39
2019-09-16,0.10,2997.96
2019-09-17,0.09,3005.70
2019-09-18,0.03,3006.73
2019-09-19,0.05,3006.79
2019-09-20,0.05,2992.07
2019-09-23,0.04,2991.78
2019-09-24,0.04,2966.60
2019-09-25,0.05,2984.87
2019-09-26,0.04,2977.62
2019-09-27,0.06,2961.79
2019-09-30,0.05,2976.74
2019-10-01,0.09,2940.25
2019-10-02,0.12,2887.61
2019-10-03,0.15,2910.63
2019-10-04,0.12,2952.01
2019-10-07,0.10,2938.79
2019-10-08,0.12,2893.06
2019-10-09,0.12,2919.40
2019-10-10,0.14,2938.13
2019-10-11,0.13,2970.27
2019-10-15,0.16,2995.68
2019-10-16,0.17,2989.69
2019-10-17,0.16,2997.95
2019-10-18,0.18,2986.20
2019-10-21,0.18,3006.72
2019-10-22,0.18,2995.99
2019-10-23,0.19,3004.52
2019-10-24,0.19,3010.29
2019-10-25,0.17,3022.55
2019-10-28,0.21,3039.42
2019-10-29,0.20,3036.89
2019-10-30,0.17,3046.77
2019-10-31,0.17,3037.56
2019-11-01,0.17,3066.91
2019-11-04,0.19,3078.27
2019-11-05,0.23,3074.62
2019-11-06,0.20,3076.78
2019-11-07,0.24,3085.18
2019-11-08,0.26,3093.08
2019-11-12,0.26,3091.84
2019-11-13,0.25,3094.04
2019-11-14,0.24,3096.63
2019-11-15,0.23,3120.46
2019-11-18,0.21,3122.03
2019-11-19,0.19,3120.18
2019-11-20,0.17,3108.46
2019-11-21,0.17,3103.54
2019-11-22,0.16,3110.29
2019-11-25,0.15,3133.64
2019-11-26,0.16,3140.52
2019-11-27,0.14,3153.63
2019-11-29,0.17,3140.98
2019-12-02,0.22,3113.87
2019-12-03,0.19,3093.20
2019-12-04,0.19,3112.76
2019-12-05,0.22,3117.43
2019-12-06,0.23,3145.91
2019-12-09,0.20,3135.96
2019-12-10,0.20,3132.52
2019-12-11,0.18,3141.63
2019-12-12,0.24,3168.57
2019-12-13,0.21,3168.80
2019-12-16,0.24,3191.45
2019-12-17,0.26,3192.52
2019-12-18,0.29,3191.14
2019-12-19,0.30,3205.37
2019-12-20,0.29,3221.22
2019-12-23,0.29,3224.01
2019-12-24,0.28,3223.38
2019-12-26,0.26,3239.91
2019-12-27,0.29,3240.02
2019-12-30,0.32,3221.29
2019-12-31,0.34,3230.78
2020-01-02,0.30,3257.85
2020-01-03,0.27,3234.85
2020-01-06,0.27,3246.28
2020-01-07,0.29,3237.18
2020-01-08,0.29,3253.05
2020-01-09,0.27,3274.70
2020-01-10,0.27,3265.35
2020-01-13,0.27,3288.13
2020-01-14,0.24,3283.15
2020-01-15,0.23,3289.29
2020-01-16,0.23,3316.81
2020-01-17,0.26,3329.62
2020-01-21,0.25,3320.79
2020-01-22,0.24,3321.75
2020-01-23,0.23,3325.54
2020-01-24,0.21,3295.47
2020-01-27,0.17,3243.63
2020-01-28,0.20,3276.24
2020-01-29,0.18,3273.40
2020-01-30,0.16,3283.66
2020-01-31,0.18,3225.52
2020-02-03,0.18,3248.92
2020-02-04,0.20,3297.59
2020-02-05,0.22,3334.69
2020-02-06,0.21,3345.78
2020-02-07,0.18,3327.71
2020-02-10,0.19,3352.09
2020-02-11,0.18,3357.75
2020-02-12,0.18,3379.45
2020-02-13,0.17,3373.94
2020-02-14,0.17,3380.16
2020-02-18,0.14,3370.29
2020-02-19,0.14,3386.15
2020-02-20,0.13,3373.23
2020-02-21,0.12,3337.75
2020-02-24,0.12,3225.89
2020-02-25,0.13,3128.21
2020-02-26,0.17,3116.39
2020-02-27,0.19,2978.76
2020-02-28,0.27,2954.22
2020-03-02,0.26,3090.23
2020-03-03,0.31,3003.37
2020-03-04,0.35,3130.12
2020-03-05,0.33,3023.94
2020-03-06,0.25,2972.37
2020-03-09,0.16,2746.56
2020-03-10,0.26,2882.23
2020-03-11,0.32,2741.38
2020-03-12,0.38,2480.64
2020-03-13,0.45,2711.02
2020-03-16,0.37,2386.13
2020-03-17,0.55,2529.19
2020-03-18,0.64,2398.10
2020-03-19,0.68,2409.39
2020-03-20,0.55,2304.92
2020-03-23,0.48,2237.40
2020-03-24,0.46,2447.33
2020-03-25,0.54,2475.56
2020-03-26,0.53,2630.07
2020-03-27,0.47,2541.47
2020-03-30,0.47,2626.65
2020-03-31,0.47,2584.59
2020-04-01,0.39,2470.50
2020-04-02,0.40,2526.90
2020-04-03,0.39,2488.65
2020-04-06,0.40,2663.68
2020-04-07,0.47,2659.41
2020-04-08,0.50,2749.98
2020-04-09,0.50,2789.82
2020-04-13,0.51,2761.63
2020-04-14,0.53,2846.06
2020-04-15,0.43,2783.36
2020-04-16,0.41,2799.55
2020-04-17,0.45,2874.56
2020-04-20,0.43,2823.16
2020-04-21,0.38,2736.56
2020-04-22,0.41,2799.31
2020-04-23,0.39,2797.80
2020-04-24,0.38,2836.74
2020-04-27,0.43,2878.48
2020-04-28,0.42,2863.39
2020-04-29,0.43,2939.51
2020-04-30,0.44,2912.43
2020-05-01,0.44,2830.71
2020-05-04,0.45,2842.74
2020-05-05,0.47,2868.44
2020-05-06,0.55,2848.42
2020-05-07,0.50,2881.19
2020-05-08,0.53,2929.80
2020-05-11,0.56,2930.32
2020-05-12,0.52,2870.12
2020-05-13,0.48,2820.00
2020-05-14,0.47,2852.50
2020-05-15,0.48,2863.70
2020-05-18,0.55,2953.91
2020-05-19,0.53,2922.94
2020-05-20,0.52,2971.61
2020-05-21,0.51,2948.51
2020-05-22,0.49,2955.45
2020-05-26,0.51,2991.77
2020-05-27,0.49,3036.13
2020-05-28,0.53,3029.73
2020-05-29,0.49,3044.31
2020-06-01,0.52,3055.73
2020-06-02,0.51,3080.82
2020-06-03,0.58,3122.87
2020-06-04,0.63,3112.35
2020-06-05,0.69,3193.93
2020-06-08,0.66,3232.39
2020-06-09,0.64,3207.18
2020-06-10,0.58,3190.14
2020-06-11,0.47,3002.10
2020-06-12,0.52,3041.31
2020-06-15,0.52,3066.59
2020-06-16,0.54,3124.74
2020-06-17,0.55,3113.49
2020-06-18,0.52,3115.34
2020-06-19,0.51,3097.74
2020-06-22,0.52,3117.86
2020-06-23,0.54,3131.29
2020-06-24,0.50,3050.33
2020-06-25,0.51,3083.76
2020-06-26,0.47,3009.05
2020-06-29,0.48,3053.24
2020-06-30,0.50,3100.29
2020-07-01,0.52,3115.86
2020-07-02,0.52,3130.01
2020-07-06,0.53,3179.72
2020-07-07,0.49,3145.32
2020-07-08,0.51,3169.94
2020-07-09,0.46,3152.05
2020-07-10,0.49,3185.04
2020-07-13,0.48,3155.22
2020-07-14,0.49,3197.52
2020-07-15,0.48,3226.56
2020-07-16,0.46,3215.57
2020-07-17,0.50,3224.73
2020-07-20,0.46,3251.84
2020-07-21,0.47,3257.30
2020-07-22,0.46,3276.02
2020-07-23,0.43,3235.66
2020-07-24,0.45,3215.63
2020-07-27,0.47,3239.41
2020-07-28,0.45,3218.44
2020-07-29,0.46,3258.44
2020-07-30,0.44,3246.22
2020-07-31,0.44,3271.12
2020-08-03,0.45,3294.61
2020-08-04,0.41,3306.51
2020-08-05,0.44,3327.77
2020-08-06,0.44,3349.16
2020-08-07,0.44,3351.28
2020-08-10,0.45,3360.47
2020-08-11,0.48,3333.69
2020-08-12,0.53,3380.35
2020-08-13,0.55,3373.43
2020-08-14,0.57,3372.85
2020-08-17,0.55,3381.99
2020-08-18,0.53,3389.78
2020-08-19,0.54,3374.85
2020-08-20,0.52,3385.51
2020-08-21,0.48,3397.16
2020-08-24,0.51,3431.28
2020-08-25,0.54,3443.62
2020-08-26,0.53,3478.73
2020-08-27,0.58,3484.55
2020-08-28,0.60,3508.01
2020-08-31,0.58,3500.31
2020-09-01,0.55,3526.65
2020-09-02,0.52,3580.84
2020-09-03,0.50,3455.06
2020-09-04,0.58,3426.96
2020-09-08,0.55,3331.84
2020-09-09,0.57,3398.96
2020-09-10,0.54,3339.19
2020-09-11,0.54,3340.97
2020-09-14,0.54,3383.54
2020-09-15,0.54,3401.20
2020-09-16,0.55,3385.49
2020-09-17,0.56,3357.01
2020-09-18,0.56,3319.47
2020-09-21,0.54,3281.06
2020-09-22,0.55,3315.57
2020-09-23,0.54,3236.92
2020-09-24,0.53,3246.59
2020-09-25,0.54,3298.46
2020-09-28,0.53,3351.60
2020-09-29,0.55,3335.47
2020-09-30,0.56,3363.00
2020-10-01,0.54,3380.80
2020-10-02,0.57,3348.44
2020-10-05,0.64,3408.63
2020-10-06,0.62,3360.95
2020-10-07,0.65,3419.45
2020-10-08,0.65,3446.83
2020-10-09,0.63,3477.13
2020-10-13,0.58,3511.93
2020-10-14,0.59,3488.67
2020-10-15,0.60,3483.34
2020-10-16,0.62,3483.81
2020-10-19,0.62,3426.92
2020-10-20,0.67,3443.12
2020-10-21,0.69,3435.56
2020-10-22,0.71,3453.49
2020-10-23,0.67,3465.39
2020-10-26,0.65,3400.97
2020-10-27,0.63,3390.68
2020-10-28,0.63,3271.03
2020-10-29,0.69,3310.11
2020-10-30,0.74,3269.96
2020-11-02,0.71,3310.24
2020-11-03,0.73,3369.16
2020-11-04,0.64,3443.44
2020-11-05,0.65,3510.45
2020-11-06,0.67,3509.44
2020-11-09,0.79,3550.50
2020-11-10,0.79,3545.53
2020-11-12,0.71,3537.01
2020-11-13,0.72,3585.15
2020-11-16,0.72,3626.91
2020-11-17,0.69,3609.53
2020-11-18,0.72,3567.79
2020-11-19,0.68,3581.87
2020-11-20,0.67,3557.54
2020-11-23,0.70,3577.59
2020-11-24,0.72,3635.41
2020-11-25,0.71,3629.65
2020-11-27,0.68,3638.35
2020-11-30,0.68,3621.63
2020-12-01,0.75,3662.45
2020-12-02,0.79,3669.01
2020-12-03,0.76,3666.72
2020-12-04,0.81,3699.12
2020-12-07,0.80,3691.96
2020-12-08,0.78,3702.25
2020-12-09,0.79,3672.82
2020-12-10,0.78,3668.10
2020-12-11,0.79,3663.46
2020-12-14,0.77,3647.49
2020-12-15,0.81,3694.62
2020-12-16,0.79,3701.17
2020-12-17,0.81,3722.48
2020-12-18,0.82,3709.41
2020-12-21,0.82,3694.92
2020-12-22,0.80,3687.26
2020-12-23,0.83,3690.01
2020-12-24,0.81,3703.06
2020-12-28,0.81,3735.36
2020-12-29,0.82,3727.04
2020-12-30,0.81,3732.04
2020-12-31,0.80,3756.07
2021-01-04,0.82,3700.65
2021-01-05,0.83,3726.86
2021-01-06,0.90,3748.14
2021-01-07,0.94,3803.79
2021-01-08,0.99,3824.68
2021-01-11,1.01,3799.61
2021-01-12,1.01,3801.19
2021-01-13,0.96,3809.84
2021-01-14,0.99,3795.54
2021-01-15,0.98,3768.25
2021-01-19,0.96,3798.91
2021-01-20,0.97,3851.85
2021-01-21,0.99,3853.07
2021-01-22,0.97,3841.47
2021-01-25,0.92,3855.36
2021-01-26,0.94,3849.62
2021-01-27,0.92,3750.77
2021-01-28,0.95,3787.38
2021-01-29,1.00,3714.24
2021-02-01,0.98,3773.86
2021-02-02,1.01,3826.31
2021-02-03,1.04,3830.17
2021-02-04,1.04,3871.74
2021-02-05,1.10,3886.83
2021-02-08,1.08,3915.59
2021-02-09,1.07,3911.23
2021-02-10,1.04,3909.88
2021-02-11,1.05,3916.38
2021-02-12,1.09,3934.83
2021-02-16,1.17,3932.59
2021-02-17,1.18,3931.33
2021-02-18,1.18,3913.97
2021-02-19,1.23,3906.71
2021-02-22,1.26,3876.50
2021-02-23,1.26,3881.37
2021-02-24,1.26,3925.43
2021-02-25,1.37,3829.34
2021-02-26,1.30,3811.15
2021-03-01,1.32,3901.82
2021-03-02,1.29,3870.29
2021-03-03,1.33,3819.72
2021-03-04,1.40,3768.47
2021-03-05,1.42,3841.94
2021-03-08,1.42,3821.35
2021-03-09,1.38,3875.44
2021-03-10,1.37,3898.81
2021-03-11,1.40,3939.34
2021-03-12,1.50,3943.34
2021-03-15,1.48,3968.94
2021-03-16,1.47,3962.71
2021-03-17,1.50,3974.12
2021-03-18,1.55,3915.46
2021-03-19,1.58,3913.10
2021-03-22,1.54,3940.59
2021-03-23,1.48,3910.52
2021-03-24,1.48,3889.14
2021-03-25,1.49,3909.52
2021-03-26,1.53,3974.54
2021-03-29,1.59,3971.09
2021-03-30,1.57,3958.55
2021-03-31,1.58,3972.89
2021-04-01,1.52,4019.87
2021-04-05,1.56,4077.91
2021-04-06,1.51,4073.94
2021-04-07,1.52,4079.95
2021-04-08,1.50,4097.17
2021-04-09,1.51,4128.80
2021-04-12,1.51,4127.99
2021-04-13,1.48,4141.59
2021-04-14,1.48,4124.66
2021-04-15,1.40,4170.42
2021-04-16,1.43,4185.47
2021-04-19,1.45,4163.26
2021-04-20,1.43,4134.94
2021-04-21,1.42,4173.42
2021-04-22,1.41,4134.98
2021-04-23,1.42,4180.17
2021-04-26,1.40,4187.62
2021-04-27,1.46,4186.72
2021-04-28,1.46,4183.18
2021-04-29,1.49,4211.47
2021-04-30,1.49,4181.17
2021-05-03,1.47,4192.66
2021-05-04,1.45,4164.66
2021-05-05,1.43,4167.59
2021-05-06,1.42,4201.62
2021-05-07,1.46,4232.60
2021-05-10,1.47,4188.43
2021-05-11,1.48,4152.10
2021-05-12,1.53,4063.04
2021-05-13,1.50,4112.50
2021-05-14,1.47,4173.85
2021-05-17,1.48,4163.29
2021-05-18,1.48,4127.83
2021-05-19,1.52,4115.68
2021-05-20,1.48,4159.12
2021-05-21,1.46,4155.86
2021-05-24,1.46,4197.05
2021-05-25,1.41,4188.13
2021-05-26,1.44,4195.99
2021-05-27,1.47,4200.88
2021-05-28,1.44,4204.11
2021-06-01,1.46,4202.04
2021-06-02,1.46,4208.12
2021-06-03,1.47,4192.85
2021-06-04,1.42,4229.89
2021-06-07,1.41,4226.52
2021-06-08,1.39,4227.26
2021-06-09,1.34,4219.55
2021-06-10,1.31,4239.18
2021-06-11,1.31,4247.44
2021-06-14,1.35,4255.15
2021-06-15,1.35,4246.59
2021-06-16,1.36,4223.70
2021-06-17,1.29,4221.86
2021-06-18,1.19,4166.45
2021-06-21,1.23,4224.79
2021-06-22,1.23,4246.44
2021-06-23,1.24,4241.84
2021-06-24,1.23,4266.49
2021-06-25,1.26,4280.70
2021-06-28,1.24,4290.61
2021-06-29,1.22,4291.80
2021-06-30,1.20,4297.50
2021-07-01,1.23,4319.94
2021-07-02,1.20,4352.34
2021-07-06,1.15,4343.54
2021-07-07,1.11,4358.13
2021-07-08,1.11,4320.82
2021-07-09,1.14,4369.55
2021-07-12,1.15,4384.63
2021-07-13,1.16,4369.21
2021-07-14,1.14,4374.30
2021-07-15,1.08,4360.03
2021-07-16,1.06,4327.16
2021-07-19,0.98,4258.49
2021-07-20,1.03,4323.06
2021-07-21,1.08,4358.69
2021-07-22,1.07,4367.48
2021-07-23,1.08,4411.79
2021-07-26,1.07,4422.30
2021-07-27,1.05,4401.46
2021-07-28,1.06,4400.64
2021-07-29,1.08,4419.15
2021-07-30,1.05,4395.26
2021-08-02,1.03,4387.16
2021-08-03,1.02,4423.15
2021-08-04,1.02,4402.66
2021-08-05,1.02,4429.10
2021-08-06,1.10,4436.52
2021-08-09,1.10,4432.35
2021-08-10,1.12,4436.75
2021-08-11,1.12,4447.70
2021-08-12,1.13,4460.83
2021-08-13,1.06,4468.00
2021-08-16,1.05,4479.71
2021-08-17,1.03,4448.08
2021-08-18,1.04,4400.27
2021-08-19,1.02,4405.80
2021-08-20,1.03,4441.67
2021-08-23,1.02,4479.53
2021-08-24,1.05,4486.23
2021-08-25,1.12,4496.19
2021-08-26,1.09,4470.00
2021-08-27,1.09,4509.37
2021-08-30,1.09,4528.79
2021-08-31,1.10,4522.68
2021-09-01,1.11,4524.09
2021-09-02,1.09,4536.95
2021-09-03,1.12,4535.43
2021-09-07,1.16,4520.03
2021-09-08,1.13,4514.07
2021-09-09,1.07,4493.28
2021-09-10,1.12,4458.58
2021-09-13,1.12,4468.73
2021-09-14,1.07,4443.05
2021-09-15,1.10,4480.70
2021-09-16,1.11,4473.75
2021-09-17,1.14,4432.99
2021-09-20,1.08,4357.73
2021-09-21,1.11,4354.19
2021-09-22,1.07,4395.64
2021-09-23,1.14,4448.98
2021-09-24,1.18,4455.48
2021-09-27,1.17,4443.11
2021-09-28,1.23,4352.63
2021-09-29,1.25,4359.46
2021-09-30,1.24,4307.54
2021-10-01,1.21,4357.04
2021-10-04,1.22,4300.46
2021-10-05,1.26,4345.72
2021-10-06,1.23,4363.55
2021-10-07,1.26,4399.76
2021-10-08,1.29,4391.34
2021-10-12,1.24,4350.65
2021-10-13,1.19,4363.80
2021-10-14,1.16,4438.26
2021-10-15,1.18,4471.37
2021-10-18,1.15,4486.46
2021-10-19,1.24,4519.63
2021-10-20,1.25,4536.19
2021-10-21,1.23,4549.78
2021-10-22,1.18,4544.90
2021-10-25,1.17,4566.48
2021-10-26,1.16,4574.79
2021-10-27,1.04,4551.68
2021-10-28,1.07,4596.42
2021-10-29,1.07,4605.38
2021-11-01,1.08,4613.67
2021-11-02,1.10,4630.65
2021-11-03,1.13,4660.57
2021-11-04,1.12,4680.06
2021-11-05,1.06,4697.53
2021-11-08,1.06,4701.70
2021-11-09,1.05,4685.25
2021-11-10,1.05,4646.71
2021-11-12,1.05,4682.85
2021-11-15,1.10,4682.80
2021-11-16,1.09,4700.90
2021-11-17,1.08,4688.67
2021-11-18,1.07,4704.54
2021-11-19,1.02,4697.96
2021-11-22,1.00,4682.94
2021-11-23,1.07,4690.70
2021-11-24,1.00,4701.46
2021-11-26,0.98,4594.62
2021-11-29,1.01,4655.27
2021-11-30,0.91,4567.00
2021-12-01,0.87,4513.04
2021-12-02,0.81,4577.10
2021-12-03,0.75,4538.43
2021-12-06,0.78,4591.67
2021-12-07,0.78,4686.75
2021-12-08,0.84,4701.21
2021-12-09,0.79,4667.45
2021-12-10,0.81,4712.02
2021-12-13,0.76,4668.97
2021-12-14,0.77,4634.09
2021-12-15,0.78,4709.85
2021-12-16,0.80,4668.67
2021-12-17,0.75,4620.64
2021-12-20,0.78,4568.02
2021-12-21,0.78,4649.23
2021-12-22,0.78,4696.56
2021-12-23,0.79,4725.79
2021-12-27,0.72,4791.19
2021-12-28,0.75,4786.35
2021-12-29,0.80,4793.06
2021-12-30,0.79,4778.73
2021-12-31,0.79,4766.18
2022-01-03,0.85,4796.56
2022-01-04,0.89,4793.54
2022-01-05,0.88,4700.58
2022-01-06,0.85,4696.05
2022-01-07,0.89,4677.03
2022-01-10,0.86,4670.29
2022-01-11,0.85,4713.07
2022-01-12,0.82,4726.35
2022-01-13,0.79,4659.03
2022-01-14,0.79,4662.85
2022-01-18,0.81,4577.11
2022-01-19,0.79,4532.76
2022-01-20,0.75,4482.73
2022-01-21,0.74,4397.94
2022-01-24,0.76,4410.13
2022-01-25,0.76,4356.45
2022-01-26,0.72,4349.93
2022-01-27,0.63,4326.51
2022-01-28,0.63,4431.85
2022-01-31,0.61,4515.55
2022-02-01,0.63,4546.54
2022-02-02,0.62,4589.38
2022-02-03,0.63,4477.44
2022-02-04,0.62,4500.53
2022-02-07,0.62,4483.87
2022-02-08,0.61,4521.54
2022-02-09,0.58,4587.18
2022-02-10,0.42,4504.08
2022-02-11,0.42,4418.64
2022-02-14,0.40,4401.67
2022-02-15,0.47,4471.07
2022-02-16,0.51,4475.01
2022-02-17,0.48,4380.26
2022-02-18,0.45,4348.87
2022-02-22,0.38,4304.76
2022-02-23,0.41,4225.50
2022-02-24,0.42,4288.70
2022-02-25,0.42,4384.65
2022-02-28,0.39,4373.94
2022-03-01,0.41,4306.26
2022-03-02,0.36,4386.54
2022-03-03,0.33,4363.49
2022-03-04,0.24,4328.87
2022-03-07,0.23,4201.09
2022-03-08,0.23,4170.70
2022-03-09,0.26,4277.88
2022-03-10,0.26,4259.52
2022-03-11,0.25,4204.31
2022-03-14,0.27,4173.11
2022-03-15,0.30,4262.45
2022-03-16,0.24,4357.86
2022-03-17,0.26,4411.67
2022-03-18,0.17,4463.12
2022-03-21,0.18,4461.18
2022-03-22,0.20,4511.61
2022-03-23,0.19,4456.24
2022-03-24,0.21,4520.16
2022-03-25,0.18,4543.06
2022-03-28,0.11,4575.52
2022-03-29,0.06,4631.60
2022-03-30,0.04,4602.45
2022-03-31,0.04,4530.41
2022-04-01,-0.05,4545.86
2022-04-04,-0.01,4582.64
2022-04-05,0.03,4525.12
2022-04-06,0.11,4481.15
2022-04-07,0.19,4500.21
2022-04-08,0.19,4488.28
2022-04-11,0.29,4412.53
2022-04-12,0.33,4397.45
2022-04-13,0.33,4446.59
2022-04-14,0.36,4392.59
2022-04-18,0.39,4391.69
2022-04-19,0.32,4462.21
2022-04-20,0.25,4459.45
2022-04-21,0.22,4393.66
2022-04-22,0.18,4271.78
2022-04-25,0.18,4296.12
2022-04-26,0.23,4175.20
2022-04-27,0.24,4183.96
2022-04-28,0.22,4287.50
2022-04-29,0.19,4131.93
2022-05-02,0.26,4155.38
2022-05-03,0.19,4175.48
2022-05-04,0.27,4300.17
2022-05-05,0.34,4146.87
2022-05-06,0.40,4123.34
2022-05-09,0.44,3991.24
2022-05-10,0.37,4001.05
2022-05-11,0.25,3935.18
2022-05-12,0.28,3930.08
2022-05-13,0.32,4023.89
2022-05-16,0.30,4008.01
2022-05-17,0.27,4088.85
2022-05-18,0.21,3923.68
2022-05-19,0.21,3900.79
2022-05-20,0.18,3901.36
2022-05-23,0.21,3973.75
2022-05-24,0.26,3941.48
2022-05-25,0.27,3978.73
2022-05-26,0.29,4057.84
2022-05-27,0.27,4158.24
2022-05-31,0.32,4132.15
2022-06-01,0.28,4101.23
2022-06-02,0.27,4176.82
2022-06-03,0.30,4108.54
2022-06-06,0.31,4121.43
2022-06-07,0.23,4160.68
2022-06-08,0.25,4115.77
2022-06-09,0.21,4017.82
2022-06-10,0.09,3900.86
2022-06-13,0.03,3749.63
2022-06-14,0.04,3735.48
2022-06-15,0.13,3789.99
2022-06-16,0.14,3666.77
2022-06-17,0.08,3674.84
2022-06-21,0.10,3764.79
2022-06-22,0.10,3759.89
2022-06-23,0.08,3795.73
2022-06-24,0.09,3911.74
2022-06-27,0.12,3900.11
2022-06-28,0.10,3821.55
2022-06-29,0.04,3818.83
2022-06-30,0.06,3785.38
2022-07-01,0.04,3825.33
2022-07-05,0.00,3831.39
2022-07-06,-0.04,3845.08
2022-07-07,-0.02,3902.62
2022-07-08,-0.03,3899.38
2022-07-11,-0.08,3854.43
2022-07-12,-0.07,3818.80
2022-07-13,-0.22,3801.78
2022-07-14,-0.19,3790.38
2022-07-15,-0.20,3863.16
2022-07-18,-0.19,3830.85
2022-07-19,-0.22,3936.69
2022-07-20,-0.21,3959.90
2022-07-21,-0.19,3998.95
2022-07-22,-0.21,3961.63
2022-07-25,-0.19,3966.84
2022-07-26,-0.21,3921.05
2022-07-27,-0.18,4023.61
2022-07-28,-0.17,4072.43
2022-07-29,-0.22,4130.29
2022-08-01,-0.30,4118.63
2022-08-02,-0.31,4091.19
2022-08-03,-0.37,4155.17
2022-08-04,-0.35,4151.94
2022-08-05,-0.41,4145.19
2022-08-08,-0.44,4140.06
2022-08-09,-0.48,4122.47
2022-08-10,-0.45,4210.24
2022-08-11,-0.36,4207.27
2022-08-12,-0.41,4280.15
2022-08-15,-0.41,4297.14
2022-08-16,-0.43,4305.20
2022-08-17,-0.39,4274.04
2022-08-18,-0.34,4283.74
2022-08-19,-0.27,4228.48
2022-08-22,-0.29,4137.99
2022-08-23,-0.24,4128.73
2022-08-24,-0.25,4140.77
2022-08-25,-0.32,4199.12
2022-08-26,-0.33,4057.66
2022-08-29,-0.30,4030.61
2022-08-30,-0.35,3986.16
2022-08-31,-0.30,3955.00
2022-09-01,-0.25,3966.85
2022-09-02,-0.20,3924.26
2022-09-06,-0.17,3908.19
2022-09-07,-0.18,3979.87
2022-09-08,-0.19,4006.18
2022-09-09,-0.23,4067.36
2022-09-12,-0.21,4110.41
2022-09-13,-0.33,3932.69
2022-09-14,-0.37,3946.01
2022-09-15,-0.42,3901.35
2022-09-16,-0.40,3873.33
2022-09-19,-0.46,3899.89
2022-09-20,-0.39,3855.93
2022-09-21,-0.51,3789.93
2022-09-22,-0.41,3757.99
2022-09-23,-0.51,3693.23
2022-09-26,-0.39,3655.04
2022-09-27,-0.33,3647.29
2022-09-28,-0.35,3719.04
2022-09-29,-0.40,3640.47
2022-09-30,-0.39,3585.62
2022-10-03,-0.45,3678.43
2022-10-04,-0.48,3790.93
2022-10-05,-0.39,3783.28
2022-10-06,-0.40,3744.52
2022-10-07,-0.41,3639.66
2022-10-11,-0.37,3588.84
2022-10-12,-0.37,3577.03
2022-10-13,-0.50,3669.91
2022-10-14,-0.48,3583.07
2022-10-17,-0.43,3677.95
2022-10-18,-0.42,3719.98
2022-10-19,-0.41,3695.16
2022-10-20,-0.38,3665.78
2022-10-21,-0.28,3752.75
2022-10-24,-0.25,3797.34
2022-10-25,-0.32,3859.11
2022-10-26,-0.35,3830.60
2022-10-27,-0.34,3807.30
2022-10-28,-0.39,3901.06
2022-10-31,-0.41,3871.98
2022-11-01,-0.47,3856.10
2022-11-02,-0.51,3759.69
2022-11-03,-0.57,3719.89
2022-11-04,-0.49,3770.55
2022-11-07,-0.50,3806.80
2022-11-08,-0.53,3828.11
2022-11-09,-0.49,3748.57
2022-11-10,-0.52,3956.37
2022-11-14,-0.52,3957.25
2022-11-15,-0.57,3991.73
2022-11-16,-0.68,3958.79
2022-11-17,-0.66,3946.56
2022-11-18,-0.69,3965.34
2022-11-21,-0.65,3949.94
2022-11-22,-0.71,4003.58
2022-11-23,-0.75,4027.26
2022-11-25,-0.74,4026.12
2022-11-28,-0.77,3963.94
2022-11-29,-0.73,3957.63
2022-11-30,-0.70,4080.11
2022-12-01,-0.72,4076.57
2022-12-02,-0.77,4071.70
2022-12-05,-0.81,3998.84
2022-12-06,-0.83,3941.26
2022-12-07,-0.84,3933.92
2022-12-08,-0.83,3963.51
2022-12-09,-0.76,3934.38
2022-12-12,-0.78,3990.56
2022-12-13,-0.71,4019.65
2022-12-14,-0.74,3995.32
2022-12-15,-0.79,3895.75
2022-12-16,-0.69,3852.36
2022-12-19,-0.68,3817.66
2022-12-20,-0.56,3821.62
2022-12-21,-0.53,3878.44
2022-12-22,-0.57,3822.39
2022-12-23,-0.56,3844.82
2022-12-27,-0.48,3829.25
2022-12-28,-0.43,3783.22
2022-12-29,-0.51,3849.28
2022-12-30,-0.53,3839.50
2023-01-03,-0.61,3824.14
2023-01-04,-0.67,3852.97
2023-01-05,-0.74,3808.10
2023-01-06,-0.69,3895.08
2023-01-09,-0.66,3892.09
2023-01-10,-0.63,3919.25
2023-01-11,-0.66,3969.61
2023-01-12,-0.69,3983.17
2023-01-13,-0.73,3999.09
2023-01-17,-0.65,3990.97
2023-01-18,-0.69,3928.86
2023-01-19,-0.70,3898.85
2023-01-20,-0.66,3972.61
2023-01-23,-0.69,4019.81
2023-01-24,-0.66,4016.95
2023-01-25,-0.65,4016.22
2023-01-26,-0.68,4060.43
2023-01-27,-0.67,4070.56
2023-01-30,-0.70,4017.77
2023-01-31,-0.69,4076.60
2023-02-01,-0.70,4119.21
2023-02-02,-0.69,4179.76
2023-02-03,-0.77,4136.48
2023-02-06,-0.81,4111.08
2023-02-07,-0.80,4164.00
2023-02-08,-0.82,4117.86
2023-02-09,-0.81,4081.50
2023-02-10,-0.76,4090.46
2023-02-13,-0.80,4137.29
2023-02-14,-0.83,4136.13
2023-02-15,-0.81,4147.60
2023-02-16,-0.76,4090.41
2023-02-17,-0.78,4079.09
2023-02-21,-0.72,3997.34
2023-02-22,-0.73,3991.05
2023-02-23,-0.78,4012.32
2023-02-24,-0.83,3970.04
2023-02-27,-0.86,3982.24
2023-02-28,-0.89,3970.15
2023-03-01,-0.88,3951.39
2023-03-02,-0.81,3981.35
2023-03-03,-0.89,4045.64
2023-03-06,-0.91,4048.42
2023-03-07,-1.03,3986.37
2023-03-08,-1.07,3992.01
2023-03-09,-0.97,3918.32
2023-03-10,-0.90,3861.59
2023-03-13,-0.48,3855.76
2023-03-14,-0.56,3919.29
2023-03-15,-0.42,3891.93
2023-03-16,-0.58,3960.28
2023-03-17,-0.42,3916.64
2023-03-20,-0.45,3951.57
2023-03-21,-0.58,4002.87
2023-03-22,-0.48,3936.97
2023-03-23,-0.38,3948.72
2023-03-24,-0.38,3970.99
2023-03-27,-0.41,3977.53
2023-03-28,-0.47,3971.27
2023-03-29,-0.51,4027.81
2023-03-30,-0.55,4050.83
2023-03-31,-0.58,4109.31
2023-04-03,-0.54,4124.51
2023-04-04,-0.49,4100.60
2023-04-05,-0.49,4090.38
2023-04-06,-0.52,4105.02
2023-04-10,-0.59,4109.11
2023-04-11,-0.60,4108.94
2023-04-12,-0.54,4091.95
2023-04-13,-0.51,4146.22
2023-04-14,-0.56,4137.64
2023-04-17,-0.58,4151.32
2023-04-18,-0.61,4154.87
2023-04-19,-0.64,4154.52
2023-04-20,-0.60,4129.79
2023-04-21,-0.60,4133.52
2023-04-24,-0.60,4137.04
2023-04-25,-0.46,4071.63
2023-04-26,-0.47,4055.99
2023-04-27,-0.54,4135.35
2023-04-28,-0.60,4169.48
2023-05-01,-0.55,4167.87
2023-05-02,-0.53,4119.58
2023-05-03,-0.51,4090.75
2023-05-04,-0.38,4061.22
2023-05-05,-0.48,4136.25
2023-05-08,-0.48,4138.12
2023-05-09,-0.48,4119.17
2023-05-10,-0.47,4137.64
2023-05-11,-0.50,4130.62
2023-05-12,-0.52,4124.08
2023-05-15,-0.49,4136.28
2023-05-16,-0.52,4109.90
2023-05-17,-0.55,4158.77
2023-05-18,-0.59,4198.05
2023-05-19,-0.58,4191.98
2023-05-22,-0.57,4192.63
2023-05-23,-0.56,4145.58
2023-05-24,-0.58,4115.24
2023-05-25,-0.67,4151.28
2023-05-26,-0.74,4205.45
2023-05-30,-0.77,4205.52
2023-05-31,-0.76,4179.83
2023-06-01,-0.72,4221.02
2023-06-02,-0.81,4282.37
